unix,date,symbol,open,high,low,close,Volume AAVE,Volume BTC
1674604800,2023-01-25 00:00:00,AAVE/BTC,0.00365661,0.00365661,0.00365661,0.00365661,0.00000000,0.0
1674518400,2023-01-24 00:00:00,AAVE/BTC,0.00365661,0.00365661,0.00365661,0.00365661,0.05306997,0.0001940561830017
1674432000,2023-01-23 00:00:00,AAVE/BTC,0.00376861,0.00376861,0.00376861,0.00376861,0.05148006,0.0001940082689166
1674345600,2023-01-22 00:00:00,AAVE/BTC,0.00388500,0.00388500,0.00388500,0.00388500,0.59459459,0.0023099999821500003
1674259200,2023-01-21 00:00:00,AAVE/BTC,0.00370000,0.00370000,0.00368281,0.00368281,8.59459459,0.031652258901997896
1674172800,2023-01-20 00:00:00,AAVE/BTC,0.00395659,0.00395659,0.00390444,0.00390691,6.48170120,0.025323423235292002
1674086400.0,2023-01-19 00:00:00,AAVE/BTC,0.00396107,0.00396107,0.00396107,0.00396107,0.00000000,0.0
1674086400,2023-01-19 00:00:00,AAVE/BTC,0.00376481,0.00376481,0.00376481,0.00376481,0.05049141,0.0001900905652821
1674000000.0,2023-01-18 00:00:00,AAVE/BTC,0.00416932,0.00416932,0.00416932,0.00416932,0.00000000,0.0
1674000000,2023-01-18 00:00:00,AAVE/BTC,0.00395681,0.00399261,0.00395681,0.00396107,15.14693504,0.0599980699788928
1673913600.0,2023-01-17 00:00:00,AAVE/BTC,0.00379239,0.00379239,0.00379239,0.00379239,0.00000000,0.0
1673913600,2023-01-17 00:00:00,AAVE/BTC,0.00396230,0.00419147,0.00396230,0.00416932,4.53107395,0.018891497241213997
1673827200.0,2023-01-16 00:00:00,AAVE/BTC,0.00378714,0.00378714,0.00378714,0.00378714,0.00000000,0.0
1673827200,2023-01-16 00:00:00,AAVE/BTC,0.00373562,0.00379239,0.00373562,0.00379239,8.05410000,0.030544288299
1673740800.0,2023-01-15 00:00:00,AAVE/BTC,0.00361245,0.00361245,0.00361245,0.00361245,2.24748131,0.0081189138583095
1673740800,2023-01-15 00:00:00,AAVE/BTC,0.00361245,0.00395000,0.00361245,0.00378714,25.03283097,0.0948028354797258
1673654400.0,2023-01-14 00:00:00,AAVE/BTC,0.00372173,0.00372173,0.00372173,0.00372173,0.00000000,0.0
1673654400,2023-01-14 00:00:00,AAVE/BTC,0.00356295,0.00382813,0.00356295,0.00371685,268.30928311,0.9972653589274035
1673568000.0,2023-01-13 00:00:00,AAVE/BTC,0.00361615,0.00361615,0.00361615,0.00361615,0.00000000,0.0
1673568000,2023-01-13 00:00:00,AAVE/BTC,0.00354920,0.00372173,0.00354920,0.00372173,3.54881087,0.0132077158792051
1673481600.0,2023-01-12 00:00:00,AAVE/BTC,0.00352521,0.00352521,0.00352521,0.00352521,0.00000000,0.0
1673481600,2023-01-12 00:00:00,AAVE/BTC,0.00355000,0.00371664,0.00355000,0.00361615,65.56003416,0.237074917527684
1673395200.0,2023-01-11 00:00:00,AAVE/BTC,0.00357519,0.00357519,0.00357519,0.00357519,0.00000000,0.0
1673395200,2023-01-11 00:00:00,AAVE/BTC,0.00353915,0.00353915,0.00352521,0.00352521,10.05594109,0.0354493040898789
1673308800,2023-01-10 00:00:00,AAVE/BTC,0.00361235,0.00361235,0.00357005,0.00357519,10.05524221,0.035949401396769894
1673222400,2023-01-09 00:00:00,AAVE/BTC,0.00349107,0.00362042,0.00349107,0.00362042,6.01712643,0.021784524869700603
1673136000,2023-01-08 00:00:00,AAVE/BTC,0.00329018,0.00348289,0.00329018,0.00348289,0.35519779,0.0012371148308131
1673049600,2023-01-07 00:00:00,AAVE/BTC,0.00325000,0.00325000,0.00325000,0.00325000,0.00000000,0.0
1672963200,2023-01-06 00:00:00,AAVE/BTC,0.00329424,0.00329424,0.00325000,0.00325000,222.47659611,0.7230489373575
1672876800,2023-01-05 00:00:00,AAVE/BTC,0.00329459,0.00329459,0.00329459,0.00329459,0.05903136,0.0001944841283424
1672790400,2023-01-04 00:00:00,AAVE/BTC,0.00329379,0.00342862,0.00327990,0.00338803,232.86432317,0.7889513128296551
1672704000,2023-01-03 00:00:00,AAVE/BTC,0.00312235,0.00312235,0.00312235,0.00312235,0.00000000,0.0
1672617600,2023-01-02 00:00:00,AAVE/BTC,0.00312235,0.00312235,0.00312235,0.00312235,0.00000000,0.0
1672531200,2023-01-01 00:00:00,AAVE/BTC,0.00313694,0.00313694,0.00312235,0.00312235,0.16239199,0.0005070446299765
1672444800,2022-12-31 00:00:00,AAVE/BTC,0.00317780,0.00320554,0.00317779,0.00320554,38.21748335,0.12250767157775902
1672358400,2022-12-30 00:00:00,AAVE/BTC,0.00327236,0.00327236,0.00314400,0.00314400,12.01349655,0.0377704331532
1672272000,2022-12-29 00:00:00,AAVE/BTC,0.00327236,0.00327236,0.00327236,0.00327236,0.05854373,0.00019157616030280003
1672185600,2022-12-28 00:00:00,AAVE/BTC,0.00341625,0.00341625,0.00341625,0.00341625,0.14186000,0.00048462922500000006
1672099200,2022-12-27 00:00:00,AAVE/BTC,0.00339212,0.00344460,0.00339212,0.00342471,47.28325765,0.1619314453065315
1672012800,2022-12-26 00:00:00,AAVE/BTC,0.00323059,0.00323059,0.00323059,0.00323059,0.00000000,0.0
1671926400,2022-12-25 00:00:00,AAVE/BTC,0.00323059,0.00323059,0.00323059,0.00323059,0.06182018,0.00019971565530620003
1671840000,2022-12-24 00:00:00,AAVE/BTC,0.00323519,0.00323519,0.00322439,0.00323519,5.84986099,0.0189254117762381
1671753600,2022-12-23 00:00:00,AAVE/BTC,0.00326727,0.00326727,0.00326727,0.00326727,0.06077532,0.0001985693797764
1671667200,2022-12-22 00:00:00,AAVE/BTC,0.00331704,0.00331704,0.00329080,0.00329081,0.37881987,0.0012466242163947
1671580800,2022-12-21 00:00:00,AAVE/BTC,0.00331704,0.00331704,0.00331704,0.00331704,0.00000000,0.0
1671494400,2022-12-20 00:00:00,AAVE/BTC,0.00332484,0.00332684,0.00329845,0.00331704,9.42305309,0.031256644021653596
1671408000,2022-12-19 00:00:00,AAVE/BTC,0.00334707,0.00335125,0.00334707,0.00335125,100.00000000,0.335125
1671321600,2022-12-18 00:00:00,AAVE/BTC,0.00329972,0.00329972,0.00329972,0.00329972,0.00000000,0.0
1671235200,2022-12-17 00:00:00,AAVE/BTC,0.00323766,0.00331295,0.00323766,0.00329972,4.19916975,0.01385608440747
1671148800,2022-12-16 00:00:00,AAVE/BTC,0.00348477,0.00348477,0.00328121,0.00328121,0.27818260,0.0009127755289460001
1671062400,2022-12-15 00:00:00,AAVE/BTC,0.00348477,0.00348477,0.00348477,0.00348477,0.00000000,0.0
1670976000,2022-12-14 00:00:00,AAVE/BTC,0.00348477,0.00348477,0.00348477,0.00348477,0.05688849,0.0001982433032973
1670889600,2022-12-13 00:00:00,AAVE/BTC,0.00346834,0.00351565,0.00346834,0.00351565,9.54437877,0.0335546952227505
1670803200,2022-12-12 00:00:00,AAVE/BTC,0.00348713,0.00348713,0.00348713,0.00348713,8.00000000,0.02789704
1670716800,2022-12-11 00:00:00,AAVE/BTC,0.00356287,0.00356287,0.00345343,0.00345343,27.09076690,0.09355606713546699
1670630400,2022-12-10 00:00:00,AAVE/BTC,0.00360212,0.00360212,0.00360212,0.00360212,0.05485705,0.00019760167694599998
1670544000,2022-12-09 00:00:00,AAVE/BTC,0.00364584,0.00364584,0.00364584,0.00364584,0.05485705,0.00020000002717199998
1670457600,2022-12-08 00:00:00,AAVE/BTC,0.00364584,0.00364584,0.00364584,0.00364584,0.05452444,0.0001987873843296
1670371200,2022-12-07 00:00:00,AAVE/BTC,0.00364301,0.00366808,0.00364232,0.00366808,5.66197390,0.020768573223112
1670284800,2022-12-06 00:00:00,AAVE/BTC,0.00375815,0.00375815,0.00375815,0.00375815,0.05247595,0.00019721249149250001
1670198400,2022-12-05 00:00:00,AAVE/BTC,0.00381129,0.00381129,0.00381127,0.00381127,7.93260290,0.030233291454683
1670112000,2022-12-04 00:00:00,AAVE/BTC,0.00374085,0.00374085,0.00374085,0.00374085,0.07400000,0.0002768229
1670025600,2022-12-03 00:00:00,AAVE/BTC,0.00377363,0.00378308,0.00377363,0.00378308,3.90366602,0.0147678808469416
1669939200,2022-12-02 00:00:00,AAVE/BTC,0.00377363,0.00377363,0.00377363,0.00377363,0.00000000,0.0
1669852800,2022-12-01 00:00:00,AAVE/BTC,0.00377363,0.00377363,0.00377363,0.00377363,0.05219752,0.0001969741273976
1669766400,2022-11-30 00:00:00,AAVE/BTC,0.00380748,0.00383160,0.00380748,0.00383160,2.32630424,0.008913467325984
1669680000,2022-11-29 00:00:00,AAVE/BTC,0.00373159,0.00373159,0.00373159,0.00373159,0.00000000,0.0
1669593600,2022-11-28 00:00:00,AAVE/BTC,0.00370365,0.00373159,0.00370365,0.00373159,7.12871050,0.026601424814695
1669507200,2022-11-27 00:00:00,AAVE/BTC,0.00380557,0.00381382,0.00375419,0.00375419,7.54440720,0.028323138066168003
1669420800,2022-11-26 00:00:00,AAVE/BTC,0.00365000,0.00369382,0.00363411,0.00369382,17.33456539,0.06403076432888981
1669334400,2022-11-25 00:00:00,AAVE/BTC,0.00362435,0.00362435,0.00362435,0.00362435,0.05479453,0.0001985945548055
1669248000,2022-11-24 00:00:00,AAVE/BTC,0.00350186,0.00365000,0.00350186,0.00365000,0.51297199,0.0018723477635
1669161600,2022-11-23 00:00:00,AAVE/BTC,0.00352915,0.00352915,0.00350186,0.00350186,0.57770463,0.0020230407356118
1669075200,2022-11-22 00:00:00,AAVE/BTC,0.00344509,0.00355000,0.00320894,0.00346500,12.14574440,0.042085004346
1668988800,2022-11-21 00:00:00,AAVE/BTC,0.00350810,0.00350810,0.00344831,0.00344831,0.27457259,0.0009468114078229
1668902400,2022-11-20 00:00:00,AAVE/BTC,0.00365622,0.00365622,0.00355674,0.00355674,6.92952228,0.0246465090741672
1668816000,2022-11-19 00:00:00,AAVE/BTC,0.00350663,0.00350663,0.00350663,0.00350663,0.00000000,0.0
1668729600,2022-11-18 00:00:00,AAVE/BTC,0.00350663,0.00350663,0.00350663,0.00350663,8.00000000,0.02805304
1668643200,2022-11-17 00:00:00,AAVE/BTC,0.00350349,0.00354702,0.00348546,0.00354702,5.85560411,0.0207699448902522
1668556800,2022-11-16 00:00:00,AAVE/BTC,0.00354950,0.00354950,0.00350349,0.00350349,1.67540384,0.0058697605994016
1668470400,2022-11-15 00:00:00,AAVE/BTC,0.00349026,0.00349026,0.00349026,0.00349026,0.00000000,0.0
1668384000,2022-11-14 00:00:00,AAVE/BTC,0.00337451,0.00399000,0.00337451,0.00349026,10.68456322,0.0372919036242372
1668297600,2022-11-13 00:00:00,AAVE/BTC,0.00345000,0.00349564,0.00345000,0.00346925,38.78340007,0.1345493106928475
1668211200,2022-11-12 00:00:00,AAVE/BTC,0.00374404,0.00374404,0.00344906,0.00345000,266.21492792,0.9184415013239999
1668124800,2022-11-11 00:00:00,AAVE/BTC,0.00385548,0.00385548,0.00373029,0.00373029,1.60988314,0.0060053309783106
1668038400,2022-11-10 00:00:00,AAVE/BTC,0.00362982,0.00392681,0.00362662,0.00386042,13.61924073,0.0525759892989066
1667952000,2022-11-09 00:00:00,AAVE/BTC,0.00389910,0.00397255,0.00365486,0.00365486,842.31788927,3.078553960777352
1667865600,2022-11-08 00:00:00,AAVE/BTC,0.00423665,0.00428068,0.00379829,0.00389551,390.69006986,1.5219370740403286
1667779200,2022-11-07 00:00:00,AAVE/BTC,0.00418908,0.00429711,0.00418908,0.00429711,5.14153815,0.022093754999746498
1667692800,2022-11-06 00:00:00,AAVE/BTC,0.00450395,0.00450395,0.00415857,0.00415857,147.46839894,0.6132576597799158
1667606400,2022-11-05 00:00:00,AAVE/BTC,0.00439404,0.00455924,0.00439404,0.00455924,4.70351864,0.021444470324233602
1667520000,2022-11-04 00:00:00,AAVE/BTC,0.00446250,0.00459998,0.00445765,0.00446592,19.16929241,0.0856085263596672
1667433600,2022-11-03 00:00:00,AAVE/BTC,0.00418839,0.00418839,0.00418839,0.00418839,0.00000000,0.0
1667347200,2022-11-02 00:00:00,AAVE/BTC,0.00418839,0.00418839,0.00418839,0.00418839,0.00000000,0.0
1667260800,2022-11-01 00:00:00,AAVE/BTC,0.00409547,0.00418839,0.00409547,0.00418839,1.86493849,0.0078110897221311
1667174400,2022-10-31 00:00:00,AAVE/BTC,0.00412488,0.00417768,0.00412488,0.00413208,2.33495879,0.009648236516983199
1667088000,2022-10-30 00:00:00,AAVE/BTC,0.00405496,0.00405496,0.00405496,0.00405496,0.00000000,0.0
1667001600,2022-10-29 00:00:00,AAVE/BTC,0.00405496,0.00405496,0.00405496,0.00405496,0.00000000,0.0
1666915200,2022-10-28 00:00:00,AAVE/BTC,0.00405496,0.00405496,0.00405496,0.00405496,1.45622209,0.0059049223260663995
1666828800,2022-10-27 00:00:00,AAVE/BTC,0.00408128,0.00414985,0.00407138,0.00407167,2.95125893,0.012016552447513101
1666742400,2022-10-26 00:00:00,AAVE/BTC,0.00410767,0.00410767,0.00403155,0.00403155,3.37379242,0.013601612830851
1666656000,2022-10-25 00:00:00,AAVE/BTC,0.00425000,0.00425000,0.00341660,0.00410246,12.66008725,0.05193750153963499
1666569600,2022-10-24 00:00:00,AAVE/BTC,0.00453290,0.00453326,0.00451582,0.00451582,3.41900643,0.015439617616722601
1666483200,2022-10-23 00:00:00,AAVE/BTC,0.00447237,0.00450243,0.00447237,0.00450243,1.03649919,0.0046667650480317
1666396800,2022-10-22 00:00:00,AAVE/BTC,0.00433162,0.00433162,0.00433162,0.00433162,1.81626994,0.007867391197502798
1666310400,2022-10-21 00:00:00,AAVE/BTC,0.00421432,0.00427665,0.00414939,0.00425745,11.16855955,0.0475495838561475
1666224000,2022-10-20 00:00:00,AAVE/BTC,0.00428960,0.00428960,0.00421887,0.00421887,12.79310754,0.053972457607279804
1666137600,2022-10-19 00:00:00,AAVE/BTC,0.00427777,0.00441165,0.00425708,0.00441132,204.10579000,0.9003759535428
1666051200,2022-10-18 00:00:00,AAVE/BTC,0.00408505,0.00428610,0.00408505,0.00425704,19.59885327,0.0834331023245208
1665964800,2022-10-17 00:00:00,AAVE/BTC,0.00391475,0.00400777,0.00391425,0.00400777,17.40688116,0.0697627761066132
1665878400,2022-10-16 00:00:00,AAVE/BTC,0.00388155,0.00388155,0.00388155,0.00388155,1.60484010,0.006229267090155001
1665792000,2022-10-15 00:00:00,AAVE/BTC,0.00376583,0.00376583,0.00374999,0.00374999,190.33722633,0.7137626953652366
1665705600,2022-10-14 00:00:00,AAVE/BTC,0.00376128,0.00376235,0.00375232,0.00375232,20.40645003,0.0765715305765696
1665619200,2022-10-13 00:00:00,AAVE/BTC,0.00372608,0.00372608,0.00350000,0.00367261,148.31998728,0.5447214684844008
1665532800,2022-10-12 00:00:00,AAVE/BTC,0.00379619,0.00379619,0.00379619,0.00379619,0.00000000,0.0
1665446400,2022-10-11 00:00:00,AAVE/BTC,0.00382888,0.00382894,0.00379619,0.00379619,7.98494493,0.0303123680938167
1665360000,2022-10-10 00:00:00,AAVE/BTC,0.00387680,0.00387680,0.00387680,0.00387680,0.00000000,0.0
1665273600,2022-10-09 00:00:00,AAVE/BTC,0.00387694,0.00387694,0.00387680,0.00387680,3.11401732,0.012072422346176
1665187200,2022-10-08 00:00:00,AAVE/BTC,0.00390938,0.00390938,0.00390938,0.00390938,0.00000000,0.0
1665100800,2022-10-07 00:00:00,AAVE/BTC,0.00390938,0.00390938,0.00390938,0.00390938,0.00000000,0.0
1665014400,2022-10-06 00:00:00,AAVE/BTC,0.00391027,0.00392666,0.00390938,0.00390938,2.77503323,0.010848659408697399
1664928000,2022-10-05 00:00:00,AAVE/BTC,0.00388552,0.00389080,0.00382915,0.00386410,8.68142378,0.033545889628298
1664841600,2022-10-04 00:00:00,AAVE/BTC,0.00386710,0.00386710,0.00386710,0.00386710,1.26376578,0.004887108647838
1664755200,2022-10-03 00:00:00,AAVE/BTC,0.00383539,0.00383539,0.00383539,0.00383539,1.63521130,0.006271673067907
1664668800,2022-10-02 00:00:00,AAVE/BTC,0.00383114,0.00384906,0.00383114,0.00384485,6.24543864,0.024012774755003997
1664582400,2022-10-01 00:00:00,AAVE/BTC,0.00381355,0.00381355,0.00381355,0.00381355,0.00000000,0.0
1664496000,2022-09-30 00:00:00,AAVE/BTC,0.00394996,0.00395271,0.00381355,0.00381355,33.52276007,0.1278407216649485
1664409600,2022-09-29 00:00:00,AAVE/BTC,0.00395586,0.00395586,0.00393635,0.00393635,9.56382331,0.0376465558863185
1664323200,2022-09-28 00:00:00,AAVE/BTC,0.00403251,0.00403251,0.00403251,0.00403251,0.00000000,0.0
1664236800,2022-09-27 00:00:00,AAVE/BTC,0.00395557,0.00403251,0.00395557,0.00403251,2.59810088,0.010476867779608798
1664150400,2022-09-26 00:00:00,AAVE/BTC,0.00394308,0.00396097,0.00394308,0.00396097,1.86234081,0.0073766760781857005
1664064000,2022-09-25 00:00:00,AAVE/BTC,0.00391492,0.00391492,0.00391492,0.00391492,0.00000000,0.0
1663977600,2022-09-24 00:00:00,AAVE/BTC,0.00391492,0.00391492,0.00391492,0.00391492,0.00000000,0.0
1663891200,2022-09-23 00:00:00,AAVE/BTC,0.00391492,0.00391492,0.00391492,0.00391492,0.00000000,0.0
1663804800,2022-09-22 00:00:00,AAVE/BTC,0.00391492,0.00391492,0.00391492,0.00391492,0.00000000,0.0
1663718400,2022-09-21 00:00:00,AAVE/BTC,0.00399000,0.00399989,0.00391492,0.00391492,2.75522334,0.010786478958232799
1663632000,2022-09-20 00:00:00,AAVE/BTC,0.00380000,0.00380000,0.00380000,0.00380000,0.00000000,0.0
1663545600,2022-09-19 00:00:00,AAVE/BTC,0.00380000,0.00380000,0.00380000,0.00380000,0.00000000,0.0
1663459200,2022-09-18 00:00:00,AAVE/BTC,0.00405430,0.00405430,0.00380000,0.00380000,120.67564102,0.458567435876
1663372800,2022-09-17 00:00:00,AAVE/BTC,0.00401023,0.00402837,0.00401023,0.00402837,0.79584998,0.0032059781839325996
1663286400,2022-09-16 00:00:00,AAVE/BTC,0.00398534,0.00405166,0.00395830,0.00405166,178.19712758,0.7219941739307829
1663200000,2022-09-15 00:00:00,AAVE/BTC,0.00402539,0.00410507,0.00397188,0.00397188,251.12245911,0.9974282728898267
1663113600,2022-09-14 00:00:00,AAVE/BTC,0.00420207,0.00420225,0.00415989,0.00415989,19.03068879,0.07916557199063311
1663027200,2022-09-13 00:00:00,AAVE/BTC,0.00400000,0.00416065,0.00400000,0.00415642,115.12230339,0.4784966442562638
1662940800,2022-09-12 00:00:00,AAVE/BTC,0.00418221,0.00421048,0.00418221,0.00421048,1.51191105,0.006365871237804
1662854400,2022-09-11 00:00:00,AAVE/BTC,0.00421715,0.00423399,0.00421306,0.00423399,40.79435183,0.17272287770470168
1662768000,2022-09-10 00:00:00,AAVE/BTC,0.00426696,0.00428115,0.00425629,0.00426938,3.66719167,0.0156566347720646
1662681600,2022-09-09 00:00:00,AAVE/BTC,0.00441911,0.00441911,0.00441291,0.00441291,103.20465290,0.455432844828939
1662595200,2022-09-08 00:00:00,AAVE/BTC,0.00452516,0.00461172,0.00452516,0.00461172,35.53024850,0.16385555761242
1662508800,2022-09-07 00:00:00,AAVE/BTC,0.00442215,0.00459161,0.00440451,0.00459161,111.93404889,0.513957498223813
1662422400,2022-09-06 00:00:00,AAVE/BTC,0.00462259,0.00462259,0.00445735,0.00445735,89.88785969,0.40066165138922144
1662336000,2022-09-05 00:00:00,AAVE/BTC,0.00458211,0.00458371,0.00458211,0.00458371,28.26427397,0.1295552352390287
1662249600,2022-09-04 00:00:00,AAVE/BTC,0.00439056,0.00443121,0.00439056,0.00443121,3.24715381,0.014388820434410098
1662163200,2022-09-03 00:00:00,AAVE/BTC,0.00439484,0.00439484,0.00436843,0.00437843,2.51267911,0.0110015895955973
1662076800,2022-09-02 00:00:00,AAVE/BTC,0.00440000,0.00449373,0.00435369,0.00435369,8.30139640,0.036141706492716
1661990400,2022-09-01 00:00:00,AAVE/BTC,0.00423704,0.00432225,0.00417623,0.00432225,65.65165610,0.28376287057822497
1661904000,2022-08-31 00:00:00,AAVE/BTC,0.00425726,0.00427299,0.00425726,0.00427299,3.24786707,0.0138781035114393
1661817600,2022-08-30 00:00:00,AAVE/BTC,0.00423305,0.00429860,0.00422067,0.00427045,114.43522146,0.488689891483857
1661731200,2022-08-29 00:00:00,AAVE/BTC,0.00400000,0.00422780,0.00400000,0.00422111,16.63679963,0.07022576128618929
1661644800,2022-08-28 00:00:00,AAVE/BTC,0.00406846,0.00406846,0.00406846,0.00406846,0.04906940,0.000199636891124
1661558400,2022-08-27 00:00:00,AAVE/BTC,0.00409991,0.00409991,0.00407580,0.00407586,3.23821141,0.013198496357562598
1661472000,2022-08-26 00:00:00,AAVE/BTC,0.00425825,0.00429860,0.00405013,0.00405013,200.88289754,0.8136018498136801
1661385600,2022-08-25 00:00:00,AAVE/BTC,0.00417630,0.00440304,0.00411063,0.00433510,61.88930323,0.268296318432373
1661299200,2022-08-24 00:00:00,AAVE/BTC,0.00410820,0.00416394,0.00410002,0.00414653,78.82808312,0.3268630114995736
1661212800,2022-08-23 00:00:00,AAVE/BTC,0.00414202,0.00435130,0.00411238,0.00411238,927.22307614,3.813093633856613
1661126400,2022-08-22 00:00:00,AAVE/BTC,0.00397258,0.00407171,0.00392902,0.00406912,31.30197544,0.1273714943024128
1661040000,2022-08-21 00:00:00,AAVE/BTC,0.00388817,0.00401020,0.00388817,0.00398435,52.98070242,0.211093661687127
1660953600,2022-08-20 00:00:00,AAVE/BTC,0.00401790,0.00402701,0.00394571,0.00394571,4.29562110,0.016949275130481
1660867200,2022-08-19 00:00:00,AAVE/BTC,0.00410956,0.00410956,0.00395561,0.00402740,25.76066954,0.103748520505396
1660780800,2022-08-18 00:00:00,AAVE/BTC,0.00427987,0.00427987,0.00410054,0.00410054,57.95600705,0.23765092514880698
1660694400,2022-08-17 00:00:00,AAVE/BTC,0.00456502,0.00456502,0.00435357,0.00435357,10.16854463,0.0442694708448291
1660608000,2022-08-16 00:00:00,AAVE/BTC,0.00445387,0.00448245,0.00445387,0.00448245,0.48368637,0.0021680999692065
1660521600,2022-08-15 00:00:00,AAVE/BTC,0.00436848,0.00443229,0.00436848,0.00443229,4.04017702,0.0179072362039758
1660435200,2022-08-14 00:00:00,AAVE/BTC,0.00446064,0.00446064,0.00439957,0.00441595,3.65987075,0.0161618062384625
1660348800,2022-08-13 00:00:00,AAVE/BTC,0.00471721,0.00471721,0.00452000,0.00452000,12.09806430,0.054683250636
1660262400,2022-08-12 00:00:00,AAVE/BTC,0.00464017,0.00464017,0.00464017,0.00464017,2.24338380,0.010409682207246
1660176000,2022-08-11 00:00:00,AAVE/BTC,0.00453925,0.00453925,0.00442696,0.00442696,2.29766197,0.0101716576347112
1660089600,2022-08-10 00:00:00,AAVE/BTC,0.00420426,0.00467660,0.00420426,0.00462579,176.57927123,0.8168186270630217
1660003200,2022-08-09 00:00:00,AAVE/BTC,0.00423285,0.00425280,0.00423285,0.00425280,1.65536464,0.007039934740992
1659916800,2022-08-08 00:00:00,AAVE/BTC,0.00433600,0.00433600,0.00427595,0.00427645,3.65260062,0.015620163921399
1659830400,2022-08-07 00:00:00,AAVE/BTC,0.00433600,0.00433600,0.00433600,0.00433600,0.00000000,0.0
1659744000,2022-08-06 00:00:00,AAVE/BTC,0.00432165,0.00433600,0.00432165,0.00433600,0.20427137,0.00088572066032
1659657600,2022-08-05 00:00:00,AAVE/BTC,0.00435772,0.00440000,0.00434846,0.00435281,10.55162071,0.0459292001426951
1659571200,2022-08-04 00:00:00,AAVE/BTC,0.00417039,0.00426088,0.00415338,0.00415338,6.69214290,0.027795012478002
1659484800,2022-08-03 00:00:00,AAVE/BTC,0.00430000,0.00430000,0.00415310,0.00416189,51.61577869,0.21481919317212408
1659398400,2022-08-02 00:00:00,AAVE/BTC,0.00407000,0.00417712,0.00390000,0.00416253,36.96051172,0.1538492388498516
1659312000,2022-08-01 00:00:00,AAVE/BTC,0.00424604,0.00426321,0.00413080,0.00413080,6.70212887,0.027685153936195996
1659225600,2022-07-31 00:00:00,AAVE/BTC,0.00440000,0.00452372,0.00421742,0.00421742,189.48419786,0.7991344457387213
1659139200,2022-07-30 00:00:00,AAVE/BTC,0.00404348,0.00405505,0.00398325,0.00401136,19.04177357,0.07638340882775521
1659052800,2022-07-29 00:00:00,AAVE/BTC,0.00409246,0.00411800,0.00403371,0.00403371,70.47988519,0.2842954176897549
1658966400,2022-07-28 00:00:00,AAVE/BTC,0.00410296,0.00430500,0.00400036,0.00430500,80.39337170,0.3460934651685
1658880000,2022-07-27 00:00:00,AAVE/BTC,0.00382908,0.00411080,0.00382908,0.00411080,51.14538047,0.21024843003607602
1658793600,2022-07-26 00:00:00,AAVE/BTC,0.00382714,0.00388169,0.00370000,0.00376949,41.18820703,0.1552585345175147
1658707200,2022-07-25 00:00:00,AAVE/BTC,0.00399002,0.00399002,0.00388021,0.00389430,2.81986258,0.010981390845294
1658620800,2022-07-24 00:00:00,AAVE/BTC,0.00399187,0.00399187,0.00399187,0.00399187,1.67300000,0.00667839851
1658534400,2022-07-23 00:00:00,AAVE/BTC,0.00394499,0.00399714,0.00394467,0.00399714,5.71558493,0.0228459931471002
1658448000,2022-07-22 00:00:00,AAVE/BTC,0.00412790,0.00412790,0.00390118,0.00397644,53.26467149,0.2118037702996956
1658361600,2022-07-21 00:00:00,AAVE/BTC,0.00395555,0.00420000,0.00388903,0.00419852,73.47290213,0.30847744905084756
1658275200,2022-07-20 00:00:00,AAVE/BTC,0.00407490,0.00427502,0.00390000,0.00390992,276.15061308,1.0797268050937536
1658188800,2022-07-19 00:00:00,AAVE/BTC,0.00429328,0.00458423,0.00406911,0.00409203,83.35450258,0.3410891251924374
1658102400,2022-07-18 00:00:00,AAVE/BTC,0.00435051,0.00441854,0.00426467,0.00432265,151.48636173,0.6548225215321845
1658016000,2022-07-17 00:00:00,AAVE/BTC,0.00422539,0.00428693,0.00416958,0.00428693,74.61253968,0.3198587347303824
1657929600,2022-07-16 00:00:00,AAVE/BTC,0.00428036,0.00443250,0.00424989,0.00437306,6.93900578,0.030344688616286798
1657843200,2022-07-15 00:00:00,AAVE/BTC,0.00440634,0.00450000,0.00418497,0.00418497,65.64547545,0.2747243453939865
1657756800,2022-07-14 00:00:00,AAVE/BTC,0.00394483,0.00445074,0.00394483,0.00445074,55.39350607,0.2465420932059918
1657670400,2022-07-13 00:00:00,AAVE/BTC,0.00359466,0.00399800,0.00359466,0.00391214,208.76117363,0.8167029378048681
1657584000,2022-07-12 00:00:00,AAVE/BTC,0.00348785,0.00359858,0.00337739,0.00354860,178.48782254,0.633381887065444
1657497600,2022-07-11 00:00:00,AAVE/BTC,0.00374576,0.00378072,0.00350000,0.00350000,133.60697682,0.46762441887
1657411200,2022-07-10 00:00:00,AAVE/BTC,0.00374639,0.00374639,0.00364902,0.00364902,39.75280202,0.1450587696270204
1657324800,2022-07-09 00:00:00,AAVE/BTC,0.00336916,0.00383820,0.00333999,0.00373977,213.20290555,0.7973298300887235
1657238400,2022-07-08 00:00:00,AAVE/BTC,0.00335815,0.00340357,0.00323437,0.00333041,644.16192237,2.1453233078802714
1657152000,2022-07-07 00:00:00,AAVE/BTC,0.00306896,0.00342006,0.00306896,0.00323410,30.08360830,0.09729339760303
1657065600,2022-07-06 00:00:00,AAVE/BTC,0.00301910,0.00309744,0.00301910,0.00306671,451.08355873,1.3833424603928781
1656979200,2022-07-05 00:00:00,AAVE/BTC,0.00311470,0.00311470,0.00299841,0.00302885,290.57742504,0.880115433832404
1656892800,2022-07-04 00:00:00,AAVE/BTC,0.00298526,0.00308895,0.00296742,0.00308440,332.75367798,1.026345444361512
1656806400,2022-07-03 00:00:00,AAVE/BTC,0.00297514,0.00299772,0.00289379,0.00299585,545.52183545,1.6343015907328826
1656720000,2022-07-02 00:00:00,AAVE/BTC,0.00291968,0.00301782,0.00291172,0.00301159,378.64451809,1.1403220442346633
1656633600,2022-07-01 00:00:00,AAVE/BTC,0.00284566,0.00294003,0.00284294,0.00294003,317.46178021,0.9333471576708062
1656547200,2022-06-30 00:00:00,AAVE/BTC,0.00290097,0.00292176,0.00282414,0.00288196,211.72479145,0.610182379967242
1656460800,2022-06-29 00:00:00,AAVE/BTC,0.00300755,0.00306646,0.00294773,0.00297515,442.83000635,1.3174856933922026
1656374400,2022-06-28 00:00:00,AAVE/BTC,0.00307532,0.00313613,0.00295437,0.00295438,161.90852290,0.478339301885302
1656288000,2022-06-27 00:00:00,AAVE/BTC,0.00314866,0.00318513,0.00309114,0.00316449,43.39910840,0.137336044540716
1656201600,2022-06-26 00:00:00,AAVE/BTC,0.00328913,0.00332986,0.00328913,0.00332746,6.85259469,0.0228017347271874
1656115200,2022-06-25 00:00:00,AAVE/BTC,0.00335718,0.00350000,0.00317528,0.00329430,212.98954629,0.701651462343147
1656028800,2022-06-24 00:00:00,AAVE/BTC,0.00322658,0.00337417,0.00314798,0.00332700,120.42883204,0.40066672419708005
1655942400,2022-06-23 00:00:00,AAVE/BTC,0.00315712,0.00331543,0.00307065,0.00321944,168.18418550,0.54145889416612
1655856000,2022-06-22 00:00:00,AAVE/BTC,0.00318979,0.00328736,0.00307091,0.00325535,330.62538000,1.076301330783
1655769600,2022-06-21 00:00:00,AAVE/BTC,0.00312500,0.00357915,0.00310183,0.00319219,109.58058342,0.3498020425874898
1655683200,2022-06-20 00:00:00,AAVE/BTC,0.00269676,0.00306004,0.00269676,0.00302096,85.99862924,0.2597984189888704
1655596800,2022-06-19 00:00:00,AAVE/BTC,0.00259178,0.00265375,0.00256928,0.00265375,51.13099494,0.135688877822025
1655510400,2022-06-18 00:00:00,AAVE/BTC,0.00271241,0.00277489,0.00259073,0.00259331,158.58721633,0.4112658139807523
1655424000,2022-06-17 00:00:00,AAVE/BTC,0.00278241,0.00282007,0.00278241,0.00279504,16.83637036,0.0470583286110144
1655337600,2022-06-16 00:00:00,AAVE/BTC,0.00299299,0.00302438,0.00275293,0.00275293,121.69762779,0.33502505047192466
1655251200,2022-06-15 00:00:00,AAVE/BTC,0.00271777,0.00297748,0.00266127,0.00297748,121.20345995,0.36088087793192597
1655164800,2022-06-14 00:00:00,AAVE/BTC,0.00256529,0.00279085,0.00256529,0.00279085,334.40124105,0.9332637035843926
1655078400,2022-06-13 00:00:00,AAVE/BTC,0.00261041,0.00263472,0.00240000,0.00263472,555.71311936,1.4641484698401792
1654992000,2022-06-12 00:00:00,AAVE/BTC,0.00272108,0.00273000,0.00255013,0.00273000,89.27944650,0.243732888945
1654905600,2022-06-11 00:00:00,AAVE/BTC,0.00301038,0.00301038,0.00270000,0.00274308,91.81311440,0.251850717848352
1654819200,2022-06-10 00:00:00,AAVE/BTC,0.00312568,0.00312568,0.00299541,0.00299541,388.46080750,1.163599387393575
1654732800,2022-06-09 00:00:00,AAVE/BTC,0.00322639,0.00322639,0.00322639,0.00322639,0.06168423,0.0001990173828297
1654646400,2022-06-08 00:00:00,AAVE/BTC,0.00321010,0.00324232,0.00321010,0.00324232,24.12915391,0.0782344383054712
1654560000,2022-06-07 00:00:00,AAVE/BTC,0.00333869,0.00335019,0.00319720,0.00321010,150.06617940,0.48172744249194005
1654473600,2022-06-06 00:00:00,AAVE/BTC,0.00335931,0.00337670,0.00333109,0.00337670,71.66841748,0.242002745304716
1654387200,2022-06-05 00:00:00,AAVE/BTC,0.00351421,0.00351421,0.00351421,0.00351421,0.05563298,0.00019550597464579997
1654300800,2022-06-04 00:00:00,AAVE/BTC,0.00359499,0.00359499,0.00359499,0.00359499,0.00000000,0.0
1654214400,2022-06-03 00:00:00,AAVE/BTC,0.00364504,0.00370000,0.00350000,0.00359499,21.53995982,0.0774359401533018
1654128000,2022-06-02 00:00:00,AAVE/BTC,0.00348623,0.00348623,0.00348623,0.00348623,5.40974344,0.0188596098728312
1654041600,2022-06-01 00:00:00,AAVE/BTC,0.00354565,0.00376348,0.00345678,0.00358131,178.22344050,0.638273389697055
1653955200,2022-05-31 00:00:00,AAVE/BTC,0.00366322,0.00386482,0.00360000,0.00360000,341.58072299,1.229690602764
1653868800,2022-05-30 00:00:00,AAVE/BTC,0.00328435,0.00381543,0.00328435,0.00367589,145.21354110,0.5337890035940789
1653782400,2022-05-29 00:00:00,AAVE/BTC,0.00318662,0.00325069,0.00318662,0.00325069,0.91689316,0.0029805354262804
1653696000,2022-05-28 00:00:00,AAVE/BTC,0.00328169,0.00329697,0.00321394,0.00329697,60.36916010,0.19903530977489703
1653609600,2022-05-27 00:00:00,AAVE/BTC,0.00342661,0.00342661,0.00318540,0.00322719,533.93995317,1.7231256774706922
1653523200,2022-05-26 00:00:00,AAVE/BTC,0.00340722,0.00355672,0.00335675,0.00346345,129.10607391,0.4471524316835895
1653436800,2022-05-25 00:00:00,AAVE/BTC,0.00353528,0.00353528,0.00335454,0.00344984,223.23485641,0.7701245370374744
1653350400,2022-05-24 00:00:00,AAVE/BTC,0.00337254,0.00358800,0.00330459,0.00358800,191.29260860,0.6863578796568
1653264000,2022-05-23 00:00:00,AAVE/BTC,0.00311144,0.00357588,0.00311144,0.00351686,30.01705213,0.1055657699539118
1653177600,2022-05-22 00:00:00,AAVE/BTC,0.00312008,0.00312008,0.00312008,0.00312008,6.22755962,0.0194304842191696
1653091200,2022-05-21 00:00:00,AAVE/BTC,0.00312153,0.00312153,0.00310450,0.00310616,18.42674350,0.057236413589960004
1653004800,2022-05-20 00:00:00,AAVE/BTC,0.00304651,0.00321321,0.00301368,0.00316385,82.90105774,0.262286511530699
1652918400,2022-05-19 00:00:00,AAVE/BTC,0.00287597,0.00296993,0.00279392,0.00296056,193.85495036,0.5739192118378016
1652832000,2022-05-18 00:00:00,AAVE/BTC,0.00310796,0.00317202,0.00287253,0.00290764,211.83265273,0.6159330943838572
1652745600,2022-05-17 00:00:00,AAVE/BTC,0.00284499,0.00300778,0.00284499,0.00291184,157.06959577,0.45736153174691685
1652659200,2022-05-16 00:00:00,AAVE/BTC,0.00290827,0.00290827,0.00276453,0.00283548,375.49537599,1.0647096287121252
1652572800,2022-05-15 00:00:00,AAVE/BTC,0.00289660,0.00296425,0.00280028,0.00294238,98.06770336,0.2885524490123968
1652486400,2022-05-14 00:00:00,AAVE/BTC,0.00282921,0.00287532,0.00269882,0.00287532,258.69372294,0.7438272354438407
1652400000,2022-05-13 00:00:00,AAVE/BTC,0.00265355,0.00298387,0.00265355,0.00282979,589.10359651,1.6670394663680328
1652313600,2022-05-12 00:00:00,AAVE/BTC,0.00294000,0.00294000,0.00243823,0.00261979,1949.90802998,5.108349557861304
1652227200,2022-05-11 00:00:00,AAVE/BTC,0.00340064,0.00342903,0.00273757,0.00287392,1301.39698465,3.7401108221253274
1652140800,2022-05-10 00:00:00,AAVE/BTC,0.00332898,0.00363455,0.00325000,0.00338379,526.69420801,1.7822225941221579
1652054400,2022-05-09 00:00:00,AAVE/BTC,0.00360000,0.00360930,0.00331008,0.00331008,237.58161229,0.7864141432088833
1651968000,2022-05-08 00:00:00,AAVE/BTC,0.00374415,0.00378821,0.00370231,0.00370800,172.02945361,0.6378852139858799
1651881600,2022-05-07 00:00:00,AAVE/BTC,0.00375000,0.00384674,0.00370000,0.00373707,110.97064146,0.41470505508092215
1651795200,2022-05-06 00:00:00,AAVE/BTC,0.00383605,0.00385203,0.00378754,0.00383862,39.52241900,0.15171154802178
1651708800,2022-05-05 00:00:00,AAVE/BTC,0.00407462,0.00407462,0.00378968,0.00387879,343.17865856,1.3311179490359424
1651622400,2022-05-04 00:00:00,AAVE/BTC,0.00379522,0.00400000,0.00377957,0.00400000,63.59211430,0.2543684572
1651536000,2022-05-03 00:00:00,AAVE/BTC,0.00374460,0.00375237,0.00370879,0.00372554,44.76327216,0.1667673609629664
1651449600,2022-05-02 00:00:00,AAVE/BTC,0.00370709,0.00373298,0.00370709,0.00373298,1.11600000,0.00416600568
1651363200,2022-05-01 00:00:00,AAVE/BTC,0.00374022,0.00383146,0.00374022,0.00374470,175.06044710,0.6555488562553701
1651276800,2022-04-30 00:00:00,AAVE/BTC,0.00409547,0.00409776,0.00370000,0.00376693,71.78805449,0.2704205761000157
1651190400,2022-04-29 00:00:00,AAVE/BTC,0.00410925,0.00410925,0.00404627,0.00405056,7.13249709,0.0288906074128704
1651104000,2022-04-28 00:00:00,AAVE/BTC,0.00440798,0.00444262,0.00415922,0.00415922,37.03764794,0.1540477260650068
1651017600,2022-04-27 00:00:00,AAVE/BTC,0.00426294,0.00443090,0.00426294,0.00442801,78.39350166,0.34712720928549656
1650931200,2022-04-26 00:00:00,AAVE/BTC,0.00426798,0.00435344,0.00409679,0.00413523,80.86285595,0.33438650781011847
1650844800,2022-04-25 00:00:00,AAVE/BTC,0.00409600,0.00421616,0.00409600,0.00417744,50.76230030,0.21205646376523202
1650758400,2022-04-24 00:00:00,AAVE/BTC,0.00436216,0.00436216,0.00421501,0.00422629,48.14816822,0.2034881218665038
1650672000,2022-04-23 00:00:00,AAVE/BTC,0.00438776,0.00438776,0.00438774,0.00438774,47.26932000,0.20740548613680002
1650585600,2022-04-22 00:00:00,AAVE/BTC,0.00444565,0.00444877,0.00442936,0.00443471,115.00503599,0.5100139831552128
1650499200,2022-04-21 00:00:00,AAVE/BTC,0.00446596,0.00457617,0.00425657,0.00425657,94.45109905,0.4020377146832585
1650412800,2022-04-20 00:00:00,AAVE/BTC,0.00461744,0.00469457,0.00450927,0.00453796,201.16566432,0.9128817380575871
1650326400,2022-04-19 00:00:00,AAVE/BTC,0.00431802,0.00435652,0.00431802,0.00435652,1.42837985,0.006222765384122
1650240000,2022-04-18 00:00:00,AAVE/BTC,0.00411082,0.00411082,0.00408000,0.00408000,25.75337860,0.10507378468800001
1650153600,2022-04-17 00:00:00,AAVE/BTC,0.00431802,0.00431802,0.00431802,0.00431802,0.00000000,0.0
1650067200,2022-04-16 00:00:00,AAVE/BTC,0.00431802,0.00431802,0.00431802,0.00431802,0.00000000,0.0
1649980800,2022-04-15 00:00:00,AAVE/BTC,0.00435520,0.00435520,0.00431802,0.00431802,5.87236227,0.025356977729105397
1649894400,2022-04-14 00:00:00,AAVE/BTC,0.00428000,0.00428000,0.00426419,0.00426419,16.88533232,0.0720022652256208
1649808000,2022-04-13 00:00:00,AAVE/BTC,0.00417780,0.00428120,0.00414937,0.00427935,135.62886982,0.5804034040642171
1649721600,2022-04-12 00:00:00,AAVE/BTC,0.00419302,0.00420745,0.00409686,0.00409686,283.48432535,1.161395593153401
1649635200,2022-04-11 00:00:00,AAVE/BTC,0.00414713,0.00415368,0.00393833,0.00400103,525.70356839,2.1033557482354417
1649548800,2022-04-10 00:00:00,AAVE/BTC,0.00433025,0.00433467,0.00427454,0.00427454,93.60413246,0.40011460836556845
1649462400,2022-04-09 00:00:00,AAVE/BTC,0.00428264,0.00430292,0.00420000,0.00430292,145.61812819,0.6265831561513148
1649376000,2022-04-08 00:00:00,AAVE/BTC,0.00462522,0.00462522,0.00433945,0.00433945,80.13114335,0.3477250900101575
1649289600,2022-04-07 00:00:00,AAVE/BTC,0.00471315,0.00471332,0.00450311,0.00466231,29.48202239,0.13745432780912092
1649203200,2022-04-06 00:00:00,AAVE/BTC,0.00482927,0.00482927,0.00444259,0.00446528,820.45313696,3.6635529834047493
1649116800,2022-04-05 00:00:00,AAVE/BTC,0.00491709,0.00491709,0.00486522,0.00486522,0.74795522,0.0036389666954484002
1649030400,2022-04-04 00:00:00,AAVE/BTC,0.00520940,0.00520940,0.00499448,0.00511250,116.05298770,0.59332089961625
1648944000,2022-04-03 00:00:00,AAVE/BTC,0.00507664,0.00536693,0.00507137,0.00526419,26.63386757,0.1402057393233183
1648857600,2022-04-02 00:00:00,AAVE/BTC,0.00528116,0.00533079,0.00525610,0.00528957,84.06947091,0.4446913512414088
1648771200,2022-04-01 00:00:00,AAVE/BTC,0.00507836,0.00559988,0.00492801,0.00541177,148.80063682,0.8052748223233713
1648684800,2022-03-31 00:00:00,AAVE/BTC,0.00472969,0.00478761,0.00449074,0.00458200,518.30521018,2.37487447304476
1648598400,2022-03-30 00:00:00,AAVE/BTC,0.00469208,0.00509791,0.00455743,0.00485336,271.17608929,1.3161151847165145
1648512000,2022-03-29 00:00:00,AAVE/BTC,0.00364255,0.00460165,0.00364255,0.00460165,792.36714230,3.6461962603647944
1648425600,2022-03-28 00:00:00,AAVE/BTC,0.00360730,0.00364489,0.00360730,0.00364489,8.58886759,0.0313054775901151
